<?xml version="1.0" encoding="UTF-8"?>

<hibernate-configuration>
    <session-factory>

        <!-- JDBC -->
        <property name="hibernate.connection.driver_class">
            com.microsoft.sqlserver.jdbc.SQLServerDriver
        </property>

        <property name="hibernate.connection.url">
            jdbc:sqlserver://localhost:1433;databaseName=PoLyOE3;encrypt=false;
        </property>

        <property name="hibernate.connection.username">sa</property>
        <property name="hibernate.connection.password">a</property>

        <!-- Hibernate dialect -->
        <property name="hibernate.dialect">
            org.hibernate.dialect.SQLServerDialect
        </property>

        <property name="hibernate.show_sql">true</property>
        <property name="hibernate.format_sql">true</property>
        <property name="hibernate.hbm2ddl.auto">update</property>

    </session-factory>
</hibernate-configuration>
